2018-09-12 11:45:42,1536778204.0,"If Netflix Adds Advertisements, It Could Lose a Quarter of Its Subscribers, According to Study",39045,https://www.indiewire.com/2018/09/netflix-ads-could-lose-subscribers-1202002896/
2018-09-12 11:45:42,1536784453.0,Weld cleaning with a TIG Brush,9116,https://v.redd.it/n48y1cpyxsl11
2018-09-12 11:45:42,1536780380.0,"ðŸ”¥ An albino deer squad, WisconsinðŸ”¥ðŸ”¥ðŸ”¥",13733,https://i.imgur.com/Fs3LJtE.jpg
2018-09-12 11:45:42,1536787218.0,"Richard Branson believes the key to success is a three-day workweek. With today's cutting-edge technology, he believes there is no reason people can't work less hours and be equally â€” if not more â€” effective.",5756,https://www.cnbc.com/2018/09/12/richard-branson-believes-the-key-to-success-is-a-three-day-workweek.html
2018-09-12 11:45:42,1536778765.0,I was made to apologize to hero0fwar for my recent posts.,16487,https://i.imgur.com/P0eSK3v.gifv
2018-09-12 11:45:42,1536777766.0,The feeling i get from this picture...,24266,https://i.redd.it/yfnvqn95esl11.jpg
2018-09-12 11:45:42,1536778779.0,This is Going to be Great!,32714,https://i.redd.it/gfybbwk3hsl11.jpg
2018-09-12 11:45:42,1536779761.0,"EU approves controversial internet copyright law, including â€˜link taxâ€™ and â€˜upload filterâ€™",8980,https://www.theverge.com/2018/9/12/17849868/eu-internet-copyright-reform-article-11-13-approved
2018-09-12 11:45:42,1536776735.0,Really wholesome car owners,21156,https://v.redd.it/pl9ii444drl11
2018-09-12 11:45:42,1536776967.0,Silence is golden.,15487,https://i.redd.it/bp590sfobsl11.jpg
2018-09-12 11:45:42,1536783179.0,Bloody bath math,7368,https://i.imgur.com/fI41Dui.gifv
2018-09-12 11:45:42,1536780584.0,"A Coca Cola advertisement made by spreading grains for pigeons in Saint Mark's Square, Venice, 1960 [800x556]",7449,https://i.redd.it/87ckdu0jmsl11.jpg
2018-09-12 11:45:42,1536780533.0,Zeus vs. Hades,7769,https://i.imgur.com/mb3hBpS.jpg
2018-09-12 11:45:42,1536778846.0,The European Parliament has just passed the worst versions of articles 11 and 13,8386,https://www.reddit.com/r/europe/comments/9f6pbb/the_european_parliament_has_just_passed_the_worst/
2018-09-12 11:45:42,1536779595.0,No friends,9277,https://i.redd.it/478grp7ljsl11.jpg
2018-09-12 11:45:42,1536779847.0,"""Dad, you play D&amp;D?!""",6266,https://www.reddit.com/r/DnD/comments/9f6tf2/dad_you_play_dd/
2018-09-12 11:45:42,1536780357.0,whoever releases the noonchaks first dies,6869,https://i.imgur.com/T3m1uFz.gifv
2018-09-12 11:45:42,1536777578.0,16 Photos Taken Seconds Before Disaster,10413,https://i.redd.it/xqw0fk9bdsl11.png
2018-09-12 11:45:42,1536776832.0,This pole looks like a ufo abducting this cow.,37541,https://i.redd.it/z5y1ydndbsl11.jpg
2018-09-12 11:45:42,1536772074.0,What is this cutest caterpillar I have ever seen in my life?,23983,https://i.redd.it/wrbojck7xrl11.jpg
2018-09-12 11:45:42,1536772082.0,This traffic light on the sidewalk for pedestrians on their phones,42093,https://i.redd.it/as28mfu8xrl11.jpg
2018-09-12 11:45:42,1536781774.0,Ron Swanson shares his opinion.,5090,https://i.imgur.com/Ec7676j.gifv
2018-09-12 11:45:42,1536776272.0,SLPT: How to unclog a toilet,10597,https://i.redd.it/b95hqjmp9sl11.jpg
2018-09-12 11:45:42,1536770450.0,This guy lying about being a 9/11 survivor.,34535,https://i.redd.it/c4lv4c4esrl11.png
2018-09-12 11:45:42,1536777886.0,"Dragarnir, VagÃ¡r, Faroe Islands [OC] 2048x1364",6692,https://i.redd.it/ahj3weeiesl11.jpg
2018-09-12 11:48:07,2018-09-12 18:50:04,"If Netflix Adds Advertisements, It Could Lose a Quarter of Its Subscribers, According to Study",39573,https://www.indiewire.com/2018/09/netflix-ads-could-lose-subscribers-1202002896/
2018-09-12 11:48:07,2018-09-12 20:34:13,Weld cleaning with a TIG Brush,9417,https://v.redd.it/n48y1cpyxsl11
2018-09-12 11:48:07,2018-09-12 21:20:18,"Richard Branson believes the key to success is a three-day workweek. With today's cutting-edge technology, he believes there is no reason people can't work less hours and be equally â€” if not more â€” effective.",6112,https://www.cnbc.com/2018/09/12/richard-branson-believes-the-key-to-success-is-a-three-day-workweek.html
2018-09-12 11:48:07,2018-09-12 19:26:20,"ðŸ”¥ An albino deer squad, WisconsinðŸ”¥ðŸ”¥ðŸ”¥",13959,https://i.imgur.com/Fs3LJtE.jpg
2018-09-12 11:48:07,2018-09-12 18:59:25,I was made to apologize to hero0fwar for my recent posts.,16644,https://i.imgur.com/P0eSK3v.gifv
2018-09-12 11:48:07,2018-09-12 18:42:46,The feeling i get from this picture...,24442,https://i.redd.it/yfnvqn95esl11.jpg
2018-09-12 11:48:07,2018-09-12 18:59:39,This is Going to be Great!,33046,https://i.redd.it/gfybbwk3hsl11.jpg
2018-09-12 11:48:07,2018-09-12 19:16:01,"EU approves controversial internet copyright law, including â€˜link taxâ€™ and â€˜upload filterâ€™",9299,https://www.theverge.com/2018/9/12/17849868/eu-internet-copyright-reform-article-11-13-approved
2018-09-12 11:48:07,2018-09-12 18:25:35,Really wholesome car owners,21522,https://v.redd.it/pl9ii444drl11
2018-09-12 11:48:07,2018-09-12 18:29:27,Silence is golden.,15811,https://i.redd.it/bp590sfobsl11.jpg
2018-09-12 11:48:07,2018-09-12 20:12:59,Bloody bath math,7676,https://i.imgur.com/fI41Dui.gifv
2018-09-12 11:48:07,2018-09-12 19:29:44,"A Coca Cola advertisement made by spreading grains for pigeons in Saint Mark's Square, Venice, 1960 [800x556]",7603,https://i.redd.it/87ckdu0jmsl11.jpg
2018-09-12 11:48:07,2018-09-12 19:28:53,Zeus vs. Hades,7902,https://i.imgur.com/mb3hBpS.jpg
2018-09-12 11:48:07,2018-09-12 19:00:46,The European Parliament has just passed the worst versions of articles 11 and 13,8492,https://www.reddit.com/r/europe/comments/9f6pbb/the_european_parliament_has_just_passed_the_worst/
2018-09-12 11:48:07,2018-09-12 19:13:15,No friends,9437,https://i.redd.it/478grp7ljsl11.jpg
2018-09-12 11:48:07,2018-09-12 19:25:57,whoever releases the noonchaks first dies,6992,https://i.imgur.com/T3m1uFz.gifv
2018-09-12 11:48:07,2018-09-12 19:17:27,"""Dad, you play D&amp;D?!""",6351,https://www.reddit.com/r/DnD/comments/9f6tf2/dad_you_play_dd/
2018-09-12 11:48:07,2018-09-12 18:39:38,16 Photos Taken Seconds Before Disaster,10642,https://i.redd.it/xqw0fk9bdsl11.png
2018-09-12 11:48:07,2018-09-12 17:07:54,What is this cutest caterpillar I have ever seen in my life?,24151,https://i.redd.it/wrbojck7xrl11.jpg
2018-09-12 11:48:07,2018-09-12 18:27:12,This pole looks like a ufo abducting this cow.,37992,https://i.redd.it/z5y1ydndbsl11.jpg
2018-09-12 11:48:07,2018-09-12 19:49:34,Ron Swanson shares his opinion.,5174,https://i.imgur.com/Ec7676j.gifv
2018-09-12 11:48:07,2018-09-12 17:08:02,This traffic light on the sidewalk for pedestrians on their phones,42389,https://i.redd.it/as28mfu8xrl11.jpg
2018-09-12 11:48:07,2018-09-12 18:44:46,"Dragarnir, VagÃ¡r, Faroe Islands [OC] 2048x1364",6820,https://i.redd.it/ahj3weeiesl11.jpg
2018-09-12 11:48:07,2018-09-12 18:17:52,SLPT: How to unclog a toilet,10722,https://i.redd.it/b95hqjmp9sl11.jpg
2018-09-12 11:48:07,2018-09-12 16:40:50,This guy lying about being a 9/11 survivor.,34682,https://i.redd.it/c4lv4c4esrl11.png
2018-09-12 11:49:29,2018-09-12 18:50:04,"If Netflix Adds Advertisements, It Could Lose a Quarter of Its Subscribers, According to Study",39809,https://www.indiewire.com/2018/09/netflix-ads-could-lose-subscribers-1202002896/
2018-09-12 11:49:29,2018-09-12 20:34:13,Weld cleaning with a TIG Brush,9619,https://v.redd.it/n48y1cpyxsl11
2018-09-12 11:49:29,2018-09-12 21:20:18,"Richard Branson believes the key to success is a three-day workweek. With today's cutting-edge technology, he believes there is no reason people can't work less hours and be equally â€” if not more â€” effective.",6315,https://www.cnbc.com/2018/09/12/richard-branson-believes-the-key-to-success-is-a-three-day-workweek.html
2018-09-12 11:49:29,2018-09-12 19:26:20,"ðŸ”¥ An albino deer squad, WisconsinðŸ”¥ðŸ”¥ðŸ”¥",14106,https://i.imgur.com/Fs3LJtE.jpg
2018-09-12 11:49:29,2018-09-12 18:59:25,I was made to apologize to hero0fwar for my recent posts.,16742,https://i.imgur.com/P0eSK3v.gifv
2018-09-12 11:49:29,2018-09-12 18:42:46,The feeling i get from this picture...,24538,https://i.redd.it/yfnvqn95esl11.jpg
2018-09-12 11:49:29,2018-09-12 18:59:39,This is Going to be Great!,33242,https://i.redd.it/gfybbwk3hsl11.jpg
2018-09-12 11:49:29,2018-09-12 19:16:01,"EU approves controversial internet copyright law, including â€˜link taxâ€™ and â€˜upload filterâ€™",9464,https://www.theverge.com/2018/9/12/17849868/eu-internet-copyright-reform-article-11-13-approved
2018-09-12 11:49:29,2018-09-12 18:25:35,Really wholesome car owners,21722,https://v.redd.it/pl9ii444drl11
2018-09-12 11:49:29,2018-09-12 18:29:27,Silence is golden.,15955,https://i.redd.it/bp590sfobsl11.jpg
2018-09-12 11:49:29,2018-09-12 20:12:59,Bloody bath math,7855,https://i.imgur.com/fI41Dui.gifv
2018-09-12 11:49:29,2018-09-12 19:29:44,"A Coca Cola advertisement made by spreading grains for pigeons in Saint Mark's Square, Venice, 1960 [800x556]",7701,https://i.redd.it/87ckdu0jmsl11.jpg
2018-09-12 11:49:29,2018-09-12 19:28:53,Zeus vs. Hades,7995,https://i.imgur.com/mb3hBpS.jpg
2018-09-12 11:49:29,2018-09-12 19:00:46,The European Parliament has just passed the worst versions of articles 11 and 13,8526,https://www.reddit.com/r/europe/comments/9f6pbb/the_european_parliament_has_just_passed_the_worst/
2018-09-12 11:49:29,2018-09-12 19:13:15,No friends,9523,https://i.redd.it/478grp7ljsl11.jpg
2018-09-12 11:49:29,2018-09-12 19:25:57,whoever releases the noonchaks first dies,7058,https://i.imgur.com/T3m1uFz.gifv
2018-09-12 11:49:29,2018-09-12 19:17:27,"""Dad, you play D&amp;D?!""",6400,https://www.reddit.com/r/DnD/comments/9f6tf2/dad_you_play_dd/
2018-09-12 11:49:29,2018-09-12 18:39:38,16 Photos Taken Seconds Before Disaster,10773,https://i.redd.it/xqw0fk9bdsl11.png
2018-09-12 11:49:29,2018-09-12 17:07:54,What is this cutest caterpillar I have ever seen in my life?,24242,https://i.redd.it/wrbojck7xrl11.jpg
2018-09-12 11:49:29,2018-09-12 19:49:34,Ron Swanson shares his opinion.,5218,https://i.imgur.com/Ec7676j.gifv
2018-09-12 11:49:29,2018-09-12 18:27:12,This pole looks like a ufo abducting this cow.,38235,https://i.redd.it/z5y1ydndbsl11.jpg
2018-09-12 11:49:29,2018-09-12 20:32:53,Shoe game on point.,4589,https://i.imgur.com/XNGsSfx.jpg
2018-09-12 11:49:29,2018-09-12 17:08:02,This traffic light on the sidewalk for pedestrians on their phones,42580,https://i.redd.it/as28mfu8xrl11.jpg
2018-09-12 11:49:29,2018-09-12 18:44:46,"Dragarnir, VagÃ¡r, Faroe Islands [OC] 2048x1364",6896,https://i.redd.it/ahj3weeiesl11.jpg
2018-09-12 11:49:29,2018-09-12 21:56:40,Nintendo Direct happening tomorrow 9/13/18.,3079,https://www.nintendo.com/nintendo-direct/09-13-2018/
2018-09-12 11:59:02,2018-09-12 21:20:18,"Richard Branson believes the key to success is a three-day workweek. With today's cutting-edge technology, he believes there is no reason people can't work less hours and be equally â€” if not more â€” effective.",8096,https://www.cnbc.com/2018/09/12/richard-branson-believes-the-key-to-success-is-a-three-day-workweek.html
2018-09-12 11:59:02,2018-09-12 20:34:13,Weld cleaning with a TIG Brush,10879,https://v.redd.it/n48y1cpyxsl11
2018-09-12 11:59:02,2018-09-12 18:50:04,"If Netflix Adds Advertisements, It Could Lose a Quarter of Its Subscribers, According to Study",41532,https://www.indiewire.com/2018/09/netflix-ads-could-lose-subscribers-1202002896/
2018-09-12 11:59:02,2018-09-12 19:26:20,"ðŸ”¥ An albino deer squad, WisconsinðŸ”¥ðŸ”¥ðŸ”¥",15123,https://i.imgur.com/Fs3LJtE.jpg
2018-09-12 11:59:02,2018-09-12 20:32:53,Shoe game on point.,7910,https://i.imgur.com/XNGsSfx.jpg
2018-09-12 11:59:02,2018-09-12 20:59:46,"TIL of a Russian game show where the contestant was given a car that was reported stolen to the police and if the contestant evaded the police for 35 minutes, the contestant won the car.",6081,https://en.wikipedia.org/wiki/The_Intercept_(TV_show)
2018-09-12 11:59:02,2018-09-12 19:16:01,"EU approves controversial internet copyright law, including â€˜link taxâ€™ and â€˜upload filterâ€™",10745,https://www.theverge.com/2018/9/12/17849868/eu-internet-copyright-reform-article-11-13-approved
2018-09-12 11:59:02,2018-09-12 18:59:25,I was made to apologize to hero0fwar for my recent posts.,17406,https://i.imgur.com/P0eSK3v.gifv
2018-09-12 11:59:02,2018-09-12 18:42:46,The feeling i get from this picture...,25259,https://i.redd.it/yfnvqn95esl11.jpg
2018-09-12 11:59:02,2018-09-12 18:59:39,This is Going to be Great!,34626,https://i.redd.it/gfybbwk3hsl11.jpg
2018-09-12 11:59:02,2018-09-12 20:12:59,Bloody bath math,9225,https://i.imgur.com/fI41Dui.gifv
2018-09-12 11:59:02,2018-09-12 18:25:35,Really wholesome car owners,23075,https://v.redd.it/pl9ii444drl11
2018-09-12 11:59:02,2018-09-12 18:29:27,Silence is golden.,17224,https://i.redd.it/bp590sfobsl11.jpg
2018-09-12 11:59:02,2018-09-12 19:29:44,"A Coca Cola advertisement made by spreading grains for pigeons in Saint Mark's Square, Venice, 1960 [800x556]",8432,https://i.redd.it/87ckdu0jmsl11.jpg
2018-09-12 11:59:02,2018-09-12 19:28:53,Zeus vs. Hades,8538,https://i.imgur.com/mb3hBpS.jpg
2018-09-12 11:59:02,2018-09-12 19:00:46,The European Parliament has just passed the worst versions of articles 11 and 13,8882,https://www.reddit.com/r/europe/comments/9f6pbb/the_european_parliament_has_just_passed_the_worst/
2018-09-12 11:59:02,2018-09-12 21:42:38,A dogs choice.,4159,https://i.redd.it/5v443uu8atl11.jpg
2018-09-12 11:59:02,2018-09-12 19:13:15,No friends,10076,https://i.redd.it/478grp7ljsl11.jpg
2018-09-12 11:59:02,2018-09-12 19:25:57,whoever releases the noonchaks first dies,7495,https://i.imgur.com/T3m1uFz.gifv
2018-09-12 11:59:02,2018-09-12 19:17:27,"""Dad, you play D&amp;D?!""",6720,https://www.reddit.com/r/DnD/comments/9f6tf2/dad_you_play_dd/
2018-09-12 11:59:02,2018-09-12 18:39:38,16 Photos Taken Seconds Before Disaster,11661,https://i.redd.it/xqw0fk9bdsl11.png
2018-09-12 11:59:02,2018-09-12 19:49:34,Ron Swanson shares his opinion.,5557,https://i.imgur.com/Ec7676j.gifv
2018-09-12 11:59:02,2018-09-12 21:56:40,Nintendo Direct happening tomorrow 9/13/18.,3293,https://www.nintendo.com/nintendo-direct/09-13-2018/
2018-09-12 11:59:02,2018-09-12 18:44:46,"Dragarnir, VagÃ¡r, Faroe Islands [OC] 2048x1364",7421,https://i.redd.it/ahj3weeiesl11.jpg
2018-09-12 11:59:02,2018-09-12 17:07:54,What is this cutest caterpillar I have ever seen in my life?,24840,https://i.redd.it/wrbojck7xrl11.jpg
